HouseID,Year,Month,Electricity,Water,Num_People,Num_Green_Vehicles,Electricity_per_person,electricity_percentile,water_percentile,electricity weighted,water weighted,Green_score,Water_per_person
1,2020,January,359.87199999999996,32388.0,4,1,89.96799999999998,0.693,0.514,0.4365,1.0794,72.62,8097.0
1,2020,February,381.62199999999996,35491.0,5,1,95.4055,0.746,0.588,0.5292,1.2348,25.0,8872.75
1,2020,March,479.684,47009.0,4,1,119.921,0.914,0.727,0.6264,1.5267,3.57,11752.25
1,2020,April,362.588,31908.0,4,1,90.647,0.6990000000000001,0.531,0.4779,1.1151,33.33,7977.0
1,2020,May,303.894,27654.0,4,1,75.9735,0.5489999999999999,0.483,0.4347,1.0143,83.33,6913.5
1,2020,June,299.931,27294.0,4,1,74.98275,0.539,0.466,0.4194,0.9786,52.38,6823.5
1,2020,July,271.151,23590.0,4,1,67.78775,0.484,0.379,0.3717,0.7959,79.76,5897.5
1,2020,August,269.89099999999996,24020.0,4,1,67.47275,0.478,0.392,0.3528,0.8232,69.05,6005.0
1,2020,September,321.512,31508.0,4,1,80.378,0.595,0.444,0.3996,0.9324,50.0,7877.0
1,2020,October,378.171,32901.0,4,1,94.54275,0.735,0.461,0.45,0.9681,64.63,8225.25
1,2020,November,409.86199999999997,39757.0,4,1,102.4655,0.812,0.52,0.46799999999999997,1.092,25.61,9939.25
1,2020,December,376.47,33506.0,4,1,94.1175,0.732,0.5,0.45,1.05,69.51,8376.5
2,2020,January,719.423,65467.0,5,0,143.8846,1.0,1.0,0.9,2.1,0.0,13093.4
2,2020,February,575.905,57015.0,3,1,115.181,0.98,0.909,0.6948,1.9089,0.0,11403.0
2,2020,March,635.863,57864.0,5,0,127.1726,0.996,1.0,0.8568,2.1,2.38,11572.8
2,2020,April,610.955,51931.0,5,0,122.191,0.993,0.85,0.81,1.785,0.0,10386.2
2,2020,May,598.101,52035.0,5,0,119.6202,0.987,0.894,0.8046,1.8774,0.0,10407.0
2,2020,June,515.927,44370.0,5,0,103.1854,0.94,0.777,0.6993,1.6317,0.0,8874.0
2,2020,July,446.24,44178.0,5,0,89.24799999999998,0.889,0.764,0.6876,1.6044,5.95,8835.6
2,2020,August,430.082,39998.0,5,0,86.0164,0.861,0.75,0.675,1.575,13.1,7999.6
2,2020,September,534.859,47602.0,5,0,106.9718,0.958,0.8,0.72,1.68,2.44,9520.4
2,2020,October,621.15,57146.0,5,0,124.23,0.995,1.0,0.8352,2.1,1.22,11429.2
2,2020,November,536.706,49377.0,5,0,107.3412,0.961,0.9229999999999999,0.8307,1.9383,21.95,9875.4
2,2020,December,657.3889999999999,56535.0,5,0,131.4778,0.9990000000000001,1.0,0.9,2.1,3.66,11307.0
3,2020,January,240.174,21135.0,3,2,80.058,0.413,0.818,0.8181,1.7178,91.67,7045.0
3,2020,February,224.52200000000002,19084.0,3,2,74.84066667,0.364,0.5,0.63,1.05,71.43,6361.333333
3,2020,March,238.05900000000003,20949.0,3,2,79.35300000000002,0.41100000000000003,0.6659999999999999,0.7992,1.3986,78.57,6983.0
3,2020,April,186.09400000000002,18237.0,3,2,62.03133333,0.25,0.375,0.225,0.7875,85.71,6079.0
3,2020,May,214.37099999999998,21008.0,3,2,71.457,0.332,0.7140000000000001,0.5139,1.4994,86.9,7002.666667
3,2020,June,169.168,15225.0,3,2,56.38933333,0.179,0.0,0.0,0.0,97.62,5075.0
3,2020,July,179.32,17753.0,3,2,59.77333333,0.225,0.2,0.0,0.42,85.71,5917.666667
3,2020,August,186.28599999999997,17697.0,3,2,62.09533333,0.25,0.0,0.0,0.0,76.19,5899.0
3,2020,September,197.415,18360.0,3,2,65.805,0.27699999999999997,0.0,0.0,0.0,82.93,6120.0
3,2020,October,219.13099999999997,20598.0,3,2,73.04366667,0.344,0.0,0.0,0.0,93.9,6866.0
3,2020,November,234.35,23201.0,3,2,78.11666667,0.396,0.0,0.0,0.0,79.27,7733.666667
3,2020,December,277.121,26049.0,3,2,92.37366667,0.5,1.0,0.9,2.1,67.07,8683.0
4,2020,January,432.476,37297.937999999995,4,0,108.119,0.867,,,,40.48,9324.4845
4,2020,February,365.50800000000004,31765.592999999997,4,0,91.37700000000001,0.713,,,,38.1,7941.39825
4,2020,March,382.58,32627.742000000002,4,0,95.645,0.7559999999999999,,,,50.0,8156.9355
4,2020,April,335.175,29521.261000000002,4,0,83.79375,0.633,,,,46.43,7380.31525
4,2020,May,369.80699999999996,31993.459,4,0,92.45175,0.723,,,,32.14,7998.36475
4,2020,June,302.51599999999996,29757.553,4,0,75.62899999999998,0.547,,,,35.71,7439.38825
4,2020,July,315.005,29088.762000000002,4,0,78.75125,0.581,,,,30.95,7272.1905
4,2020,August,324.232,31650.922000000002,4,0,81.058,0.608,,,,22.62,7912.7305
4,2020,September,355.18,31109.47,4,0,88.795,0.6859999999999999,,,,37.8,7777.3675
4,2020,October,421.608,42002.294,4,0,105.402,0.847,,,,18.29,10500.5735
4,2020,November,442.519,39705.58,4,0,110.62975,0.883,,,,14.63,9926.395
4,2020,December,416.824,35590.363,4,0,104.206,0.838,,,,43.9,8897.59075
5,2020,January,375.526,35959.85,3,2,125.17533329999999,0.736,,,,7.14,11986.61667
5,2020,February,313.86,29853.877999999997,3,2,104.62,0.58,,,,7.14,9951.292667
5,2020,March,324.47,28706.395,3,2,108.15666670000002,0.61,,,,23.81,9568.798333
5,2020,April,315.888,27707.10200000001,3,2,105.296,0.588,,,,10.71,9235.700667000001
5,2020,May,291.6090000000001,29105.81700000001,3,2,97.20299999999999,0.532,,,,5.95,9701.939
5,2020,June,246.59599999999998,21037.225,3,2,82.19866667,0.425,,,,29.76,7012.4083329999985
5,2020,July,217.13099999999997,20421.825,3,2,72.377,0.345,,,,50.0,6807.275
5,2020,August,204.521,19998.077,3,2,68.17366667,0.306,,,,57.14,6666.025667
5,2020,September,244.735,24005.343999999997,3,2,81.57833333,0.419,,,,43.9,8001.781333
5,2020,October,300.077,29227.968999999997,3,2,100.0256667,0.547,,,,35.37,9742.656332999999
5,2020,November,261.547,22281.367000000002,3,2,87.18233333,0.461,,,,73.17,7427.122333
5,2020,December,262.95799999999997,24542.766,3,2,87.65266667,0.465,,,,79.27,8180.922
6,2020,January,222.088,20368.834,2,0,111.044,0.36200000000000004,,,,33.33,10184.417
6,2020,February,178.38099999999997,16002.886999999999,2,0,89.1905,0.22399999999999998,,,,39.29,8001.4435
6,2020,March,217.78,20986.078999999998,2,0,108.89,0.34700000000000003,,,,19.05,10493.0395
6,2020,April,180.299,15688.13,2,0,90.1495,0.233,,,,36.9,7844.065
6,2020,May,180.429,15927.692,2,0,90.2145,0.23399999999999999,,,,34.52,7963.846
6,2020,June,167.92,15646.796,2,0,83.96,0.18,,,,15.48,7823.398
6,2020,July,161.06,14449.15,2,0,80.53,0.146,,,,30.95,7224.575
6,2020,August,146.939,14237.081,2,0,73.4695,0.08900000000000001,,,,45.24,7118.5405
6,2020,September,155.474,13454.348999999998,2,0,77.737,0.121,,,,70.73,6727.1745
6,2020,October,183.43400000000003,18013.043999999998,2,0,91.71700000000001,0.242,,,,58.54,9006.521999999999
6,2020,November,157.511,13485.966,2,0,78.7555,0.131,,,,86.59,6742.983
6,2020,December,202.049,20077.325,2,0,101.0245,0.29,,,,39.02,10038.6625
7,2020,January,570.597,53751.245,5,0,114.1194,0.981,,,,22.62,10750.249
7,2020,February,403.379,35736.231,5,0,80.6758,0.802,,,,58.33,7147.2462
7,2020,March,477.963,46012.443,5,0,95.5926,0.915,,,,41.67,9202.4886
7,2020,April,380.522,34280.251000000004,5,0,76.1044,0.7440000000000001,,,,59.52,6856.0502
7,2020,May,397.288,36648.738,5,0,79.4576,0.7859999999999999,,,,66.67,7329.7476
7,2020,June,305.689,28012.036,5,0,61.1378,0.556,,,,94.05,5602.4072
7,2020,July,348.664,33567.407999999996,5,0,69.7328,0.6679999999999999,,,,55.95,6713.4816
7,2020,August,279.283,25075.552000000003,5,0,55.8566,0.507,,,,90.48,5015.1104
7,2020,September,280.161,26907.96,5,0,56.0322,0.511,,,,93.9,5381.592
7,2020,October,331.6,30275.631,5,0,66.32,0.621,,,,97.56,6055.1262
7,2020,November,321.124,31961.195,5,0,64.2248,0.597,,,,97.56,6392.239000000001
7,2020,December,330.537,29573.377999999997,5,0,66.1074,0.618,,,,97.56,5914.6756
8,2020,January,298.925,29003.69,3,0,99.64166667,0.544,,,,46.43,9667.896667
8,2020,February,221.42700000000002,22094.037999999997,3,0,73.809,0.359,,,,64.29,7364.679333
8,2020,March,279.10900000000004,23922.694,3,0,93.03633333,0.509,,,,53.57,7974.231333
8,2020,April,230.041,21760.25,3,0,76.68033333,0.379,,,,52.38,7253.416667
8,2020,May,209.593,18040.292,3,0,69.86433333,0.319,,,,95.24,6013.430667000001
8,2020,June,200.55,18401.029,3,0,66.85,0.287,,,,80.95,6133.6763329999985
8,2020,July,173.332,17327.917,3,0,57.77733333,0.20199999999999999,,,,92.86,5775.972333
8,2020,August,134.497,12999.128,3,0,44.83233333,0.04,,,,96.43,4333.0426670000015
8,2020,September,173.815,15417.419,3,0,57.93833333,0.20199999999999999,,,,93.9,5139.139667
8,2020,October,231.535,21699.955,3,0,77.17833333,0.38799999999999996,,,,85.37,7233.318333
8,2020,November,211.24,19430.223,3,0,70.41333333,0.32299999999999995,,,,93.9,6476.741
8,2020,December,282.726,25439.069,3,0,94.242,0.514,,,,65.85,8479.689667
9,2020,January,465.661,41728.909,4,1,116.41525,0.903,,,,23.81,10432.22725
9,2020,February,360.44199999999995,32116.688,4,1,90.1105,0.6970000000000001,,,,36.9,8029.172
9,2020,March,389.827,35002.669,4,1,97.45675,0.765,,,,40.48,8750.66725
9,2020,April,359.173,30654.226000000002,4,1,89.79325,0.6940000000000001,,,,39.29,7663.5565
9,2020,May,382.61300000000006,34723.757000000005,4,1,95.65325,0.752,,,,16.67,8680.93925
9,2020,June,342.293,33724.767,4,1,85.57325,0.648,,,,5.95,8431.19175
9,2020,July,381.339,34624.402,4,1,95.33475,0.746,,,,3.57,8656.1005
9,2020,August,355.233,35514.987,4,1,88.80825,0.684,,,,5.95,8878.74675
9,2020,September,397.05199999999996,37400.212,4,1,99.26299999999999,0.7809999999999999,,,,6.1,9350.053
9,2020,October,439.43800000000016,40265.065,4,1,109.8595,0.8759999999999999,,,,18.29,10066.26625
9,2020,November,444.24800000000016,40013.74,4,1,111.06200000000001,0.883,,,,10.98,10003.435
9,2020,December,434.73,37126.149,4,1,108.6825,0.868,,,,36.59,9281.53725
10,2020,January,220.468,21754.597,3,0,73.48933333,0.354,,,,94.05,7251.532333
10,2020,February,188.547,18803.099,3,0,62.849,0.262,,,,80.95,6267.699667
10,2020,March,214.55200000000002,18829.123,3,0,71.51733333,0.337,,,,91.67,6276.374333
10,2020,April,180.614,17900.788,3,0,60.20466667,0.237,,,,89.29,5966.929333
10,2020,May,230.19799999999998,22153.866,3,0,76.73266667,0.38,,,,71.43,7384.621999999998
10,2020,June,202.44,17852.339,3,0,67.48,0.29600000000000004,,,,82.14,5950.779667
10,2020,July,177.27200000000005,15445.861,3,0,59.09066667,0.222,,,,94.05,5148.620333
10,2020,August,143.625,12609.466,3,0,47.875,0.075,,,,96.43,4203.155333
10,2020,September,170.18900000000005,14932.618,3,0,56.72966667,0.191,,,,96.34,4977.539333
10,2020,October,228.106,21168.819,3,0,76.03533333,0.371,,,,89.02,7056.273
10,2020,November,236.99900000000002,20753.749,3,0,78.99966667,0.401,,,,82.93,6917.916333
10,2020,December,214.97400000000002,19176.685,3,0,71.658,0.337,,,,93.9,6392.228333
11,2020,January,515.25,47351.477,4,1,128.8125,0.9390000000000001,,,,5.95,11837.86925
11,2020,February,437.80199999999996,41047.106,4,1,109.4505,0.8740000000000001,,,,2.38,10261.7765
11,2020,March,490.285,46898.64599999999,4,1,122.57125,0.924,,,,2.38,11724.6615
11,2020,April,417.125,40524.059,4,1,104.28125,0.836,,,,8.33,10131.01475
11,2020,May,412.56199999999995,36344.899,4,1,103.1405,0.8220000000000001,,,,7.14,9086.22475
11,2020,June,349.319,30286.37200000001,4,1,87.32975,0.67,,,,14.29,7571.593000000003
11,2020,July,352.403,30980.632999999998,4,1,88.10075,0.679,,,,14.29,7745.15825
11,2020,August,315.836,27042.017000000003,4,1,78.959,0.585,,,,39.29,6760.50425
11,2020,September,341.032,32157.269,4,1,85.258,0.65,,,,37.8,8039.31725
11,2020,October,396.564,36705.61,4,1,99.141,0.7829999999999999,,,,45.12,9176.4025
11,2020,November,402.67199999999997,35631.152,4,1,100.66799999999999,0.799,,,,42.68,8907.788
11,2020,December,372.62,36026.43,4,1,93.155,0.7290000000000001,,,,57.32,9006.6075
12,2020,January,406.352,37121.294,4,0,101.588,0.8059999999999999,,,,47.62,9280.3235
12,2020,February,343.42699999999996,30025.139,4,0,85.85675,0.655,,,,45.24,7506.28475
12,2020,March,359.084,33108.431000000004,4,0,89.771,0.696,,,,53.57,8277.10775
12,2020,April,283.893,26474.129,4,0,70.97325,0.522,,,,69.05,6618.53225
12,2020,May,340.102,33132.275,4,0,85.0255,0.647,,,,38.1,8283.06875
12,2020,June,325.58,28283.517999999996,4,0,81.395,0.612,,,,33.33,7070.8795
12,2020,July,350.93300000000005,32714.424,4,0,87.73325,0.6759999999999999,,,,11.9,8178.606
12,2020,August,364.673,35674.297999999995,4,0,91.16825,0.708,,,,3.57,8918.5745
12,2020,September,374.135,35011.379,4,0,93.53375,0.731,,,,15.85,8752.84475
12,2020,October,430.039,37772.004,4,0,107.50975,0.86,,,,28.05,9443.001
12,2020,November,375.065,34594.127,4,0,93.76625,0.733,,,,52.44,8648.53175
12,2020,December,421.315,40296.689,4,0,105.32875,0.843,,,,30.49,10074.17225
13,2020,January,186.57,18511.925,2,0,93.285,0.261,,,,54.76,9255.9625
13,2020,February,147.861,13129.915,2,0,73.9305,0.095,,,,72.62,6564.9575
13,2020,March,166.43599999999995,15703.173999999999,2,0,83.21799999999998,0.183,,,,65.48,7851.586999999998
13,2020,April,150.548,13465.866000000002,2,0,75.274,0.106,,,,63.1,6732.933000000001
13,2020,May,157.35299999999995,14303.604,2,0,78.6765,0.134,,,,71.43,7151.802
13,2020,June,143.547,13139.16,2,0,71.7735,0.076,,,,61.9,6569.58
13,2020,July,128.431,12629.276000000002,2,0,64.2155,0.027999999999999997,,,,73.81,6314.638000000001
13,2020,August,120.382,11160.589,2,0,60.191,0.017,,,,80.95,5580.2945
13,2020,September,144.305,13763.64,2,0,72.1525,0.077,,,,73.17,6881.82
13,2020,October,172.419,16566.369,2,0,86.2095,0.19899999999999998,,,,70.73,8283.1845
13,2020,November,145.613,13634.868999999999,2,0,72.8065,0.084,,,,90.24,6817.4345
13,2020,December,155.203,13998.197,2,0,77.6015,0.12,,,,90.24,6999.0985
14,2020,January,175.115,15149.143,2,1,87.5575,0.20600000000000002,,,,82.14,7574.5715
14,2020,February,105.602,10197.92,2,1,52.801,0.002,,,,92.86,5098.96
14,2020,March,138.554,13638.01,2,1,69.277,0.052000000000000005,,,,86.9,6819.005
14,2020,April,128.991,11771.128999999999,2,1,64.4955,0.027999999999999997,,,,85.71,5885.5645
14,2020,May,144.857,13608.696000000002,2,1,72.4285,0.077,,,,88.1,6804.348000000001
14,2020,June,121.824,11900.49,2,1,60.912,0.018000000000000002,,,,91.67,5950.245
14,2020,July,131.063,11988.735,2,1,65.5315,0.032,,,,79.76,5994.3675
14,2020,August,124.809,11323.856000000002,2,1,62.4045,0.02,,,,77.38,5661.928000000001
14,2020,September,145.55700000000004,14078.343,2,1,72.7785,0.077,,,,68.29,7039.1715
14,2020,October,175.545,15304.282,2,1,87.7725,0.2,,,,74.39,7652.141
14,2020,November,165.233,16217.545,2,1,82.6165,0.16699999999999998,,,,68.29,8108.7725
14,2020,December,178.2,17084.203,2,1,89.1,0.214,,,,70.73,8542.1015
15,2020,January,231.02599999999998,20938.163,2,1,115.51299999999999,0.379,,,,23.81,10469.0815
15,2020,February,194.831,19019.283,2,1,97.4155,0.265,,,,15.48,9509.6415
15,2020,March,212.28099999999998,19147.283,2,1,106.1405,0.319,,,,26.19,9573.6415
15,2020,April,174.44799999999995,16031.978000000001,2,1,87.22399999999998,0.19899999999999998,,,,36.9,8015.9890000000005
15,2020,May,185.669,17115.314,2,1,92.8345,0.24100000000000002,,,,23.81,8557.657
15,2020,June,159.284,13594.84,2,1,79.642,0.131,,,,48.81,6797.42
15,2020,July,153.747,13614.707,2,1,76.8735,0.105,,,,40.48,6807.3535
15,2020,August,161.262,14077.3,2,1,80.631,0.14,,,,34.52,7038.65
15,2020,September,183.764,15899.01,2,1,91.882,0.23399999999999999,,,,31.71,7949.505
15,2020,October,212.139,20805.957,2,1,106.0695,0.314,,,,18.29,10402.9785
15,2020,November,210.771,18458.566000000006,2,1,105.3855,0.311,,,,30.49,9229.283000000001
15,2020,December,228.52200000000002,20387.893,2,1,114.26100000000001,0.361,,,,18.29,10193.9465
16,2020,January,589.467,56138.22900000001,5,2,117.8934,0.986,,,,15.48,11227.6458
16,2020,February,516.332,45876.52099999999,5,2,103.2664,0.938,,,,15.48,9175.3042
16,2020,March,539.485,46076.503,5,2,107.897,0.9620000000000001,,,,29.76,9215.3006
16,2020,April,469.67400000000004,43428.893,5,2,93.9348,0.905,,,,26.19,8685.7786
16,2020,May,415.539,41122.769,5,2,83.1078,0.828,,,,41.67,8224.5538
16,2020,June,401.269,39511.771,5,2,80.2538,0.79,,,,22.62,7902.3542
16,2020,July,379.774,36305.443,5,2,75.9548,0.7390000000000001,,,,36.9,7261.0886
16,2020,August,424.616,41473.734,5,2,84.9232,0.843,,,,15.48,8294.7468
16,2020,September,490.50800000000004,42710.272000000004,5,2,98.1016,0.9229999999999999,,,,13.41,8542.0544
16,2020,October,568.164,56355.706,5,2,113.6328,0.9790000000000001,,,,7.32,11271.1412
16,2020,November,610.936,59042.292,5,2,122.1872,0.9940000000000001,,,,0.0,11808.4584
16,2020,December,600.752,51851.322,5,2,120.1504,0.9890000000000001,,,,15.85,10370.2644
17,2020,January,253.486,25074.4,2,1,126.743,0.4320000000000001,,,,4.76,12537.2
17,2020,February,194.61700000000002,17277.733,2,1,97.3085,0.264,,,,26.19,8638.8665
17,2020,March,231.919,22368.314,2,1,115.9595,0.381,,,,10.71,11184.157
17,2020,April,209.00400000000002,18812.572,2,1,104.50200000000001,0.311,,,,13.1,9406.286
17,2020,May,178.507,15317.041000000001,2,1,89.2535,0.217,,,,41.67,7658.5205
17,2020,June,149.444,12947.205,2,1,74.722,0.09300000000000001,,,,60.71,6473.6025
17,2020,July,151.21,13177.177,2,1,75.605,0.098,,,,50.0,6588.5885
17,2020,August,157.708,14599.568000000001,2,1,78.854,0.126,,,,29.76,7299.784000000002
17,2020,September,165.005,16419.431,2,1,82.5025,0.165,,,,36.59,8209.7155
17,2020,October,198.808,19766.957,2,1,99.404,0.271,,,,34.15,9883.4785
17,2020,November,216.37,19684.354,2,1,108.185,0.32899999999999996,,,,23.17,9842.177
17,2020,December,203.19400000000002,19026.429,2,1,101.59700000000001,0.28300000000000003,,,,41.46,9513.2145
18,2020,January,213.24,19634.711,2,2,106.62,0.319,,,,38.1,9817.3555
18,2020,February,183.136,18073.215,2,2,91.568,0.233,,,,25.0,9036.6075
18,2020,March,210.84,18918.14,2,2,105.42,0.31,,,,30.95,9459.07
18,2020,April,200.442,18019.043,2,2,100.221,0.273,,,,21.43,9009.5215
18,2020,May,179.543,15547.405,2,2,89.7715,0.222,,,,38.1,7773.7025
18,2020,June,154.377,14277.607,2,2,77.1885,0.11199999999999999,,,,38.1,7138.8035
18,2020,July,137.47799999999998,13110.469,2,2,68.73899999999999,0.045,,,,61.9,6555.2345
18,2020,August,114.15100000000001,10519.261,2,2,57.0755,0.009000000000000001,,,,86.9,5259.6305
18,2020,September,137.6,13230.038,2,2,68.8,0.044000000000000004,,,,80.49,6615.019
18,2020,October,161.162,14123.9,2,2,80.581,0.13699999999999998,,,,84.15,7061.95
18,2020,November,146.709,12950.716,2,2,73.3545,0.083,,,,92.68,6475.358
18,2020,December,176.55700000000004,16392.433999999994,2,2,88.2785,0.20199999999999999,,,,76.83,8196.216999999999
19,2020,January,646.8,56079.606,5,0,129.36,0.9990000000000001,,,,8.33,11215.9212
19,2020,February,524.9259999999998,50139.051,5,0,104.9852,0.9520000000000001,,,,4.76,10027.8102
19,2020,March,608.863,57777.828,5,0,121.7726,0.995,,,,5.95,11555.5656
19,2020,April,584.078,50524.769,5,0,116.8156,0.988,,,,3.57,10104.9538
19,2020,May,495.226,47980.955,5,0,99.0452,0.9329999999999999,,,,5.95,9596.190999999999
19,2020,June,399.57099999999997,35031.48,5,0,79.9142,0.789,,,,39.29,7006.2959999999985
19,2020,July,426.376,40607.629,5,0,85.2752,0.853,,,,14.29,8121.5258
19,2020,August,458.819,42405.91,5,0,91.7638,0.898,,,,5.95,8481.181999999999
19,2020,September,461.76199999999994,41155.985,5,0,92.3524,0.9009999999999999,,,,21.95,8231.197
19,2020,October,554.8480000000002,50338.92,5,0,110.9696,0.9790000000000001,,,,14.63,10067.784
19,2020,November,518.327,47202.067,5,0,103.6654,0.945,,,,30.49,9440.4134
19,2020,December,520.326,44368.596,5,0,104.0652,0.948,,,,46.34,8873.7192
20,2020,January,204.52,19404.161,2,2,102.26,0.289,,,,42.86,9702.0805
20,2020,February,154.679,14618.131000000001,2,2,77.3395,0.11199999999999999,,,,59.52,7309.0655
20,2020,March,185.037,16523.335,2,2,92.5185,0.233,,,,52.38,8261.6675
20,2020,April,164.153,14438.559,2,2,82.0765,0.156,,,,50.0,7219.2795
20,2020,May,161.325,14670.573,2,2,80.6625,0.14,,,,60.71,7335.2865
20,2020,June,160.649,13796.57,2,2,80.3245,0.134,,,,40.48,6898.285
20,2020,July,140.80100000000004,14078.544,2,2,70.4005,0.057999999999999996,,,,51.19,7039.272
20,2020,August,170.114,15892.947,2,2,85.057,0.17600000000000002,,,,16.67,7946.4735
20,2020,September,189.09599999999998,18519.569,2,2,94.54799999999999,0.244,,,,12.2,9259.7845
20,2020,October,228.583,22105.237,2,2,114.2915,0.35100000000000003,,,,6.1,11052.6185
20,2020,November,220.37099999999998,20352.386000000002,2,2,110.1855,0.325,,,,12.2,10176.193000000001
20,2020,December,265.603,24672.15,2,2,132.8015,0.456,,,,0.0,12336.075
21,2020,January,372.934,33391.348,4,2,93.2335,0.7290000000000001,,,,64.29,8347.837
21,2020,February,340.9430000000001,33968.105,4,2,85.23575,0.645,,,,39.29,8492.02625
21,2020,March,350.019,30469.458,4,2,87.50475,0.6709999999999999,,,,66.67,7617.3645
21,2020,April,318.995,28547.26,4,2,79.74875,0.588,,,,53.57,7136.815
21,2020,May,347.67699999999996,29741.438,4,2,86.91925,0.6629999999999999,,,,48.81,7435.3595
21,2020,June,325.762,30729.836,4,2,81.4405,0.607,,,,22.62,7682.459
21,2020,July,300.96,26003.397,4,2,75.24,0.5379999999999999,,,,53.57,6500.84925
21,2020,August,266.64599999999996,26536.853,4,2,66.6615,0.462,,,,60.71,6634.21325
21,2020,September,323.258,31251.847999999998,4,2,80.8145,0.602,,,,51.22,7812.961999999998
21,2020,October,385.149,32783.275,4,2,96.28725,0.755,,,,63.41,8195.81875
21,2020,November,349.50699999999995,31300.585,4,2,87.37675,0.669,,,,67.07,7825.14625
21,2020,December,442.85900000000004,39219.788,4,2,110.71475,0.885,,,,26.83,9804.947
22,2020,January,537.757,53551.672999999995,5,2,107.5514,0.9640000000000001,,,,29.76,10710.3346
22,2020,February,520.054,46539.706,5,2,104.0108,0.948,,,,13.1,9307.9412
22,2020,March,527.806,46609.392,5,2,105.5612,0.956,,,,32.14,9321.8784
22,2020,April,467.055,42678.194,5,2,93.411,0.912,,,,28.57,8535.6388
22,2020,May,478.585,45457.89,5,2,95.71700000000001,0.9209999999999999,,,,10.71,9091.578000000001
22,2020,June,410.065,40615.019,5,2,82.01299999999998,0.823,,,,14.29,8123.0038
22,2020,July,448.439,38482.318,5,2,89.6878,0.897,,,,11.9,7696.4636
22,2020,August,411.339,36059.259,5,2,82.2678,0.826,,,,26.19,7211.8518
22,2020,September,477.76199999999994,42787.477999999996,5,2,95.5524,0.9209999999999999,,,,14.63,8557.4956
22,2020,October,551.496,49177.922,5,2,110.2992,0.976,,,,20.73,9835.5844
22,2020,November,533.507,45615.99,5,2,106.7014,0.961,,,,30.49,9123.198
22,2020,December,606.44,60515.77099999999,5,2,121.288,0.9940000000000001,,,,4.88,12103.1542
23,2020,January,409.664,34902.802,4,1,102.416,0.826,,,,52.38,8725.7005
23,2020,February,307.502,28551.946,4,1,76.8755,0.561,,,,64.29,7137.9865
23,2020,March,387.37,35052.782999999996,4,1,96.8425,0.77,,,,40.48,8763.19575
23,2020,April,383.87300000000016,33214.237,4,1,95.96825,0.765,,,,27.38,8303.55925
23,2020,May,308.774,30413.017000000003,4,1,77.1935,0.5710000000000001,,,,66.67,7603.25425
23,2020,June,248.52900000000002,23495.801,4,1,62.13225,0.42,,,,91.67,5873.95025
23,2020,July,235.167,22220.914,4,1,58.79175,0.387,,,,91.67,5555.2285
23,2020,August,230.957,20196.211,4,1,57.73925,0.373,,,,86.9,5049.05275
23,2020,September,258.92,23317.701,4,1,64.73,0.444,,,,85.37,5829.42525
23,2020,October,334.444,31025.509,4,1,83.611,0.638,,,,78.05,7756.37725
23,2020,November,317.695,28918.356,4,1,79.42375,0.5920000000000001,,,,80.49,7229.589
23,2020,December,379.474,37201.926,4,1,94.8685,0.75,,,,50.0,9300.4815
24,2020,January,382.027,35523.422,4,1,95.50675,0.7609999999999999,,,,57.14,8880.8555
24,2020,February,317.75,31018.938,4,1,79.4375,0.594,,,,50.0,7754.7345
24,2020,March,356.348,33611.07,4,1,89.087,0.6940000000000001,,,,53.57,8402.7675
24,2020,April,280.807,27336.22,4,1,70.20175,0.514,,,,67.86,6834.055
24,2020,May,310.461,29267.803,4,1,77.61525,0.578,,,,72.62,7316.95075
24,2020,June,275.034,23502.984,4,1,68.7585,0.504,,,,82.14,5875.746
24,2020,July,288.099,25602.653,4,1,72.02475,0.524,,,,58.33,6400.66325
24,2020,August,308.172,29123.176,4,1,77.043,0.5710000000000001,,,,33.33,7280.794
24,2020,September,344.288,31291.835,4,1,86.072,0.6629999999999999,,,,40.24,7822.95875
24,2020,October,393.413,37706.469,4,1,98.35325,0.778,,,,43.9,9426.61725
24,2020,November,339.665,33962.007000000005,4,1,84.91625,0.6509999999999999,,,,63.41,8490.50175
24,2020,December,428.11699999999996,41960.37,4,1,107.02925,0.868,,,,23.17,10490.0925
25,2020,January,285.434,26850.968999999997,3,0,95.14466667,0.524,,,,57.14,8950.323
25,2020,February,250.768,22380.803,3,0,83.58933333,0.43,,,,48.81,7460.267667
25,2020,March,270.276,23325.876,3,0,90.09200000000001,0.488,,,,58.33,7775.291999999998
25,2020,April,253.88099999999997,22365.944,3,0,84.62700000000002,0.439,,,,44.05,7455.314667000002
25,2020,May,201.80200000000002,18103.763,3,0,67.26733333,0.285,,,,96.43,6034.587667
25,2020,June,192.958,18854.624,3,0,64.31933333,0.267,,,,79.76,6284.874667
25,2020,July,174.178,16603.511000000002,3,0,58.05933333,0.204,,,,94.05,5534.503667
25,2020,August,173.233,16008.03,3,0,57.74433333,0.2,,,,83.33,5336.01
25,2020,September,176.145,15541.105,3,0,58.715,0.209,,,,91.46,5180.3683329999985
25,2020,October,221.136,21031.69,3,0,73.712,0.34600000000000003,,,,91.46,7010.563333
25,2020,November,259.807,25411.31,3,0,86.60233333,0.452,,,,63.41,8470.436667
25,2020,December,210.57299999999998,20308.921000000002,3,0,70.191,0.315,,,,93.9,6769.6403329999985
26,2020,January,395.05300000000005,37163.005,5,1,79.0106,0.782,,,,90.48,7432.601
26,2020,February,271.639,23122.357000000004,5,1,54.3278,0.49,,,,92.86,4624.4714
26,2020,March,348.404,33299.716,5,1,69.6808,0.6729999999999999,,,,86.9,6659.9432
26,2020,April,339.471,32744.194,5,1,67.8942,0.648,,,,76.19,6548.8388
26,2020,May,430.866,41818.242,5,1,86.1732,0.868,,,,35.71,8363.6484
26,2020,June,358.86400000000015,34639.927,5,1,71.7728,0.6970000000000001,,,,54.76,6927.9854
26,2020,July,405.565,36687.236000000004,5,1,81.113,0.81,,,,23.81,7337.4472
26,2020,August,427.784,37759.804,5,1,85.5568,0.866,,,,19.05,7551.9608
26,2020,September,437.455,40566.16,5,1,87.491,0.879,,,,30.49,8113.232
26,2020,October,522.438,45577.25700000001,5,1,104.4876,0.9540000000000001,,,,37.8,9115.4514
26,2020,November,548.871,53406.308,5,1,109.7742,0.9740000000000001,,,,10.98,10681.2616
26,2020,December,487.54,44051.522000000004,5,1,97.508,0.932,,,,53.66,8810.3044
27,2020,January,226.505,20669.892,2,2,113.2525,0.3670000000000001,,,,28.57,10334.946
27,2020,February,172.26,14726.796999999999,2,2,86.13,0.19899999999999998,,,,48.81,7363.3985
27,2020,March,205.391,19651.247,2,2,102.6955,0.302,,,,28.57,9825.6235
27,2020,April,204.021,19243.226000000002,2,2,102.0105,0.297,,,,14.29,9621.613000000001
27,2020,May,178.335,15646.966,2,2,89.1675,0.221,,,,39.29,7823.483
27,2020,June,168.59400000000005,16837.366,2,2,84.29700000000003,0.183,,,,9.52,8418.683
27,2020,July,178.709,16713.631999999998,2,2,89.3545,0.221,,,,7.14,8356.815999999999
27,2020,August,149.718,12942.856000000002,2,2,74.859,0.10099999999999999,,,,51.19,6471.428000000001
27,2020,September,149.889,13851.518,2,2,74.9445,0.10099999999999999,,,,68.29,6925.759
27,2020,October,182.47799999999998,17100.38,2,2,91.23899999999999,0.231,,,,63.41,8550.19
27,2020,November,163.096,14873.757,2,2,81.548,0.161,,,,76.83,7436.8785
27,2020,December,204.986,17513.609,2,2,102.493,0.29600000000000004,,,,50.0,8756.8045
28,2020,January,366.17199999999997,34186.895,3,2,122.05733329999998,0.721,,,,11.9,11395.63167
28,2020,February,307.52099999999996,28779.119,3,2,102.507,0.563,,,,11.9,9593.039667000001
28,2020,March,347.58099999999996,32270.603,3,2,115.8603333,0.6709999999999999,,,,13.1,10756.86767
28,2020,April,315.362,28869.682999999997,3,2,105.12066670000002,0.59,,,,8.33,9623.227667000001
28,2020,May,303.75,26956.224,3,2,101.25,0.557,,,,10.71,8985.408000000001
28,2020,June,269.987,25528.474,3,2,89.99566667,0.484,,,,2.38,8509.491333
28,2020,July,293.474,27181.101000000002,3,2,97.82466667,0.5379999999999999,,,,0.0,9060.367
28,2020,August,317.0440000000001,30413.458,3,2,105.68133329999999,0.589,,,,0.0,10137.81933
28,2020,September,333.19,28601.861,3,2,111.06333329999998,0.634,,,,0.0,9533.953667
28,2020,October,371.914,35840.657999999996,3,2,123.97133329999998,0.733,,,,1.22,11946.886
28,2020,November,360.236,31473.182,3,2,120.07866670000001,0.703,,,,6.1,10491.06067
28,2020,December,366.214,31149.134,3,2,122.07133329999999,0.72,,,,10.98,10383.044670000001
29,2020,January,323.394,32280.28100000001,4,0,80.8485,0.612,,,,80.95,8070.07025
29,2020,February,244.15900000000002,21104.191000000006,4,0,61.03975,0.41,,,,88.1,5276.04775
29,2020,March,281.94,25403.207000000002,4,0,70.485,0.52,,,,91.67,6350.80175
29,2020,April,235.981,20758.077,4,0,58.99525,0.395,,,,96.43,5189.51925
29,2020,May,314.373,30626.235,4,0,78.59325,0.586,,,,60.71,7656.55875
29,2020,June,271.401,25942.293999999998,4,0,67.85025,0.494,,,,72.62,6485.5735
29,2020,July,272.726,24824.262000000002,4,0,68.1815,0.4970000000000001,,,,72.62,6206.0655
29,2020,August,263.077,25496.147,4,0,65.76925,0.465,,,,67.86,6374.03675
29,2020,September,319.664,29375.775,4,0,79.916,0.597,,,,59.76,7343.94375
29,2020,October,385.291,38368.571,4,0,96.32275,0.758,,,,43.9,9592.14275
29,2020,November,364.985,35027.315,4,0,91.24625,0.7120000000000001,,,,54.88,8756.82875
29,2020,December,384.57,37663.516,4,0,96.1425,0.757,,,,47.56,9415.879
30,2020,January,447.616,38851.687999999995,4,0,111.904,0.895,,,,34.52,9712.921999999999
30,2020,February,365.608,35954.973,4,0,91.402,0.7170000000000001,,,,27.38,8988.74325
30,2020,March,441.76099999999997,37764.013,4,0,110.44025,0.888,,,,23.81,9441.00325
30,2020,April,407.07099999999997,36335.015,4,0,101.76775,0.813,,,,19.05,9083.75375
30,2020,May,379.48800000000006,36074.49,4,0,94.87200000000001,0.747,,,,15.48,9018.6225
30,2020,June,338.847,31723.307999999997,4,0,84.71175,0.65,,,,10.71,7930.8269999999975
30,2020,July,303.585,29333.536,4,0,75.89625,0.564,,,,34.52,7333.384
30,2020,August,279.525,24875.957000000002,4,0,69.88125,0.52,,,,63.1,6218.98925
30,2020,September,293.2940000000001,27198.789,4,0,73.3235,0.544,,,,71.95,6799.69725
30,2020,October,340.36199999999997,31700.408,4,0,85.0905,0.654,,,,75.61,7925.102
30,2020,November,377.724,35360.966,4,0,94.431,0.7440000000000001,,,,47.56,8840.2415
30,2020,December,376.724,35874.396,4,0,94.181,0.74,,,,56.1,8968.599
31,2020,January,479.31800000000004,44830.151,5,2,95.8636,0.9209999999999999,,,,53.57,8966.0302
31,2020,February,308.575,27049.637000000002,5,2,61.715,0.578,,,,85.71,5409.9274
31,2020,March,400.801,35697.907999999996,5,2,80.1602,0.7959999999999999,,,,76.19,7139.5816
31,2020,April,368.334,33040.473,5,2,73.6668,0.725,,,,66.67,6608.0946
31,2020,May,402.51800000000003,38174.337999999996,5,2,80.5036,0.802,,,,55.95,7634.8676
31,2020,June,319.887,31201.158,5,2,63.9774,0.606,,,,83.33,6240.2316
31,2020,July,300.861,26947.466,5,2,60.1722,0.562,,,,90.48,5389.4932
31,2020,August,367.44699999999995,32058.264,5,2,73.4894,0.7240000000000001,,,,55.95,6411.6528
31,2020,September,427.43,40923.584,5,2,85.486,0.865,,,,32.93,8184.7168
31,2020,October,479.82300000000004,43450.989,5,2,95.9646,0.9209999999999999,,,,58.54,8690.1978
31,2020,November,471.365,41818.131,5,2,94.273,0.915,,,,54.88,8363.6262
31,2020,December,559.607,53213.570999999996,5,2,111.9214,0.9790000000000001,,,,13.41,10642.7142
32,2020,January,237.71,20475.282,2,1,118.855,0.41700000000000004,,,,23.81,10237.641
32,2020,February,202.92700000000002,17545.306,2,1,101.4635,0.302,,,,22.62,8772.653
32,2020,March,231.235,22774.629,2,1,115.6175,0.39399999999999996,,,,11.9,11387.3145
32,2020,April,209.84400000000002,19839.313000000002,2,1,104.92200000000001,0.326,,,,8.33,9919.6565
32,2020,May,189.643,16178.188999999995,2,1,94.8215,0.273,,,,27.38,8089.0945
32,2020,June,163.937,14188.827,2,1,81.9685,0.17300000000000001,,,,29.76,7094.4135
32,2020,July,154.092,14198.766000000001,2,1,77.046,0.122,,,,36.9,7099.3830000000025
32,2020,August,154.055,14013.788999999999,2,1,77.0275,0.121,,,,41.67,7006.8945
32,2020,September,162.515,14366.073999999999,2,1,81.2575,0.16399999999999998,,,,57.32,7183.0369999999975
32,2020,October,194.584,18098.555,2,1,97.292,0.276,,,,51.22,9049.2775
32,2020,November,181.15900000000002,16153.146,2,1,90.5795,0.24,,,,63.41,8076.573
32,2020,December,219.50400000000002,20236.595,2,1,109.75200000000001,0.34700000000000003,,,,23.17,10118.2975
33,2020,January,182.764,17934.626,2,0,91.382,0.243,,,,59.52,8967.313
33,2020,February,165.733,16515.386000000002,2,0,82.8665,0.183,,,,42.86,8257.693000000001
33,2020,March,176.796,16938.231,2,0,88.398,0.221,,,,52.38,8469.1155
33,2020,April,137.988,13007.088,2,0,68.994,0.055999999999999994,,,,76.19,6503.544
33,2020,May,168.753,16842.563000000002,2,0,84.3765,0.188,,,,36.9,8421.2815
33,2020,June,143.118,14226.362,2,0,71.559,0.079,,,,50.0,7113.181
33,2020,July,134.246,13194.216999999999,2,0,67.123,0.043,,,,64.29,6597.1085
33,2020,August,127.928,11793.24,2,0,63.964,0.027999999999999997,,,,75.0,5896.62
33,2020,September,142.732,13986.45,2,0,71.366,0.07400000000000001,,,,71.95,6993.225
33,2020,October,178.858,15234.464,2,0,89.429,0.223,,,,74.39,7617.232
33,2020,November,182.85,16131.166000000001,2,0,91.425,0.235,,,,62.2,8065.5830000000005
33,2020,December,157.87,15652.27,2,0,78.935,0.136,,,,84.15,7826.135
34,2020,January,176.02200000000005,15901.361,2,1,88.01100000000002,0.212,,,,76.19,7950.6805
34,2020,February,148.885,12820.005,2,1,74.4425,0.10099999999999999,,,,71.43,6410.0025
34,2020,March,171.24,16908.156000000006,2,1,85.62,0.19399999999999998,,,,55.95,8454.078000000001
34,2020,April,146.607,13830.738000000001,2,1,73.3035,0.09300000000000001,,,,63.1,6915.369000000002
34,2020,May,173.768,17320.726000000002,2,1,86.884,0.20199999999999999,,,,30.95,8660.363000000001
34,2020,June,141.405,13237.758999999998,2,1,70.7025,0.073,,,,66.67,6618.8795
34,2020,July,132.716,12543.482,2,1,66.358,0.039,,,,75.0,6271.741
34,2020,August,110.95700000000001,9586.826,2,1,55.4785,0.009000000000000001,,,,92.86,4793.413
34,2020,September,118.975,11117.958999999999,2,1,59.4875,0.013999999999999999,,,,87.8,5558.9795
34,2020,October,157.422,13703.413999999999,2,1,78.711,0.128,,,,90.24,6851.7069999999985
34,2020,November,185.96400000000003,17949.221,2,1,92.98200000000001,0.23600000000000002,,,,47.56,8974.6105
34,2020,December,155.447,14231.628,2,1,77.7235,0.11800000000000001,,,,87.8,7115.814
35,2020,January,214.825,18726.452,3,1,71.60833333,0.315,,,,97.62,6242.150667
35,2020,February,150.437,13697.749,3,1,50.14566667,0.1,,,,97.62,4565.916333
35,2020,March,196.493,19391.631,3,1,65.49766667,0.26,,,,94.05,6463.8769999999995
35,2020,April,187.188,16579.651,3,1,62.396,0.239,,,,89.29,5526.550333
35,2020,May,231.733,22192.736,3,1,77.24433333,0.369,,,,67.86,7397.578667
35,2020,June,217.25099999999998,20411.006,3,1,72.417,0.321,,,,57.14,6803.668667
35,2020,July,221.372,18889.321,3,1,73.79066667,0.33299999999999996,,,,58.33,6296.440333
35,2020,August,258.682,25561.929,3,1,86.22733333,0.439,,,,8.33,8520.643
35,2020,September,288.402,28139.959,3,1,96.134,0.518,,,,7.32,9379.986332999999
35,2020,October,341.69599999999997,32706.356,3,1,113.8986667,0.6459999999999999,,,,8.54,10902.11867
35,2020,November,349.561,34806.305,3,1,116.52033329999999,0.667,,,,3.66,11602.10167
35,2020,December,291.199,26023.09,3,1,97.06633333,0.523,,,,59.76,8674.363333
36,2020,January,362.374,33030.815,4,1,90.5935,0.7,,,,69.05,8257.70375
36,2020,February,278.745,25764.336,4,1,69.68625,0.504,,,,76.19,6441.084
36,2020,March,328.276,31014.132,4,1,82.069,0.61,,,,70.24,7753.533
36,2020,April,251.574,24440.728,4,1,62.8935,0.42200000000000004,,,,82.14,6110.182
36,2020,May,318.973,30733.896,4,1,79.74325,0.588,,,,54.76,7683.474
36,2020,June,278.56,27333.052000000003,4,1,69.64,0.504,,,,63.1,6833.263000000001
36,2020,July,306.839,29233.267000000003,4,1,76.70975,0.556,,,,33.33,7308.31675
36,2020,August,279.349,24451.7,4,1,69.83725,0.507,,,,65.48,6112.925
36,2020,September,332.286,30793.65700000001,4,1,83.0715,0.62,,,,48.78,7698.41425
36,2020,October,405.964,39020.465,4,1,101.491,0.799,,,,31.71,9755.11625
36,2020,November,401.466,36027.937000000005,4,1,100.3665,0.7879999999999999,,,,40.24,9006.98425
36,2020,December,408.006,34892.172,4,1,102.0015,0.802,,,,52.44,8723.043
37,2020,January,460.195,39469.037000000004,5,2,92.039,0.897,,,,73.81,7893.8074
37,2020,February,312.72,27864.885,5,2,62.544,0.5720000000000001,,,,83.33,5572.977
37,2020,March,411.131,38451.129,5,2,82.2262,0.812,,,,70.24,7690.2258
37,2020,April,345.464,31487.327,5,2,69.0928,0.66,,,,76.19,6297.4654
37,2020,May,365.251,35276.095,5,2,73.0502,0.71,,,,82.14,7055.219
37,2020,June,362.608,35803.812999999995,5,2,72.5216,0.703,,,,41.67,7160.7626
37,2020,July,357.264,30368.24,5,2,71.4528,0.69,,,,66.67,6073.648
37,2020,August,361.246,35802.707,5,2,72.2492,0.7020000000000001,,,,45.24,7160.5414
37,2020,September,424.81199999999995,40734.597,5,2,84.9624,0.8490000000000001,,,,36.59,8146.9194
37,2020,October,499.00199999999995,43896.455,5,2,99.8004,0.9329999999999999,,,,48.78,8779.291
37,2020,November,473.26300000000003,46815.032,5,2,94.6526,0.912,,,,37.8,9363.0064
37,2020,December,544.076,52997.458,5,2,108.8152,0.9640000000000001,,,,19.51,10599.4916
38,2020,January,245.396,21961.036,2,0,122.698,0.413,,,,14.29,10980.518
38,2020,February,189.65200000000002,18764.903000000002,2,0,94.82600000000001,0.258,,,,20.24,9382.4515
38,2020,March,214.888,21006.862999999998,2,0,107.444,0.325,,,,21.43,10503.4315
38,2020,April,178.917,17626.778000000002,2,0,89.4585,0.222,,,,30.95,8813.389000000001
38,2020,May,164.2,14074.802,2,0,82.1,0.16699999999999998,,,,66.67,7037.401
38,2020,June,157.023,15511.341999999999,2,0,78.5115,0.132,,,,28.57,7755.670999999998
38,2020,July,165.483,16131.726999999999,2,0,82.7415,0.174,,,,16.67,8065.8635
38,2020,August,164.425,15817.653999999999,2,0,82.2125,0.16699999999999998,,,,22.62,7908.8269999999975
38,2020,September,185.604,18332.556,2,0,92.802,0.237,,,,15.85,9166.278
38,2020,October,207.847,19973.363999999998,2,0,103.9235,0.301,,,,26.83,9986.681999999999
38,2020,November,203.747,17918.331000000002,2,0,101.8735,0.285,,,,40.24,8959.1655
38,2020,December,242.505,22461.328999999998,2,0,121.2525,0.4,,,,8.54,11230.6645
39,2020,January,154.27700000000004,14989.965,2,2,77.1385,0.11900000000000001,,,,90.48,7494.9825
39,2020,February,148.579,13604.615,2,2,74.2895,0.098,,,,70.24,6802.3075
39,2020,March,148.672,13277.303,2,2,74.336,0.099,,,,84.52,6638.6515
39,2020,April,118.46,10231.412,2,2,59.23,0.013999999999999999,,,,96.43,5115.706
39,2020,May,146.311,13390.126,2,2,73.1555,0.09,,,,88.1,6695.063
39,2020,June,143.503,12508.925,2,2,71.7515,0.076,,,,69.05,6254.4625
39,2020,July,137.364,12586.698999999999,2,2,68.682,0.05,,,,69.05,6293.3495
39,2020,August,156.894,14347.708,2,2,78.447,0.12300000000000001,,,,34.52,7173.854
39,2020,September,173.94299999999996,15153.55,2,2,86.9715,0.19399999999999998,,,,42.68,7576.775
39,2020,October,202.15099999999998,18137.272,2,2,101.0755,0.272,,,,42.68,9068.636
39,2020,November,207.571,19738.15,2,2,103.7855,0.29100000000000004,,,,26.83,9869.075
39,2020,December,177.365,15418.662,2,2,88.6825,0.205,,,,80.49,7709.331
40,2020,January,438.907,43155.989,5,1,87.7814,0.8759999999999999,,,,70.24,8631.1978
40,2020,February,395.915,35973.891,5,1,79.183,0.772,,,,59.52,7194.7782
40,2020,March,425.57800000000003,36767.646,5,1,85.1156,0.852,,,,70.24,7353.5292
40,2020,April,406.13699999999994,39438.107,5,1,81.2274,0.8009999999999999,,,,44.05,7887.6214
40,2020,May,399.844,36641.201,5,1,79.9688,0.787,,,,65.48,7328.2402
40,2020,June,353.93300000000005,35023.056000000004,5,1,70.7866,0.682,,,,57.14,7004.6112
40,2020,July,400.38,38294.333,5,1,80.07600000000002,0.7879999999999999,,,,25.0,7658.8666
40,2020,August,368.55300000000005,32204.357999999997,5,1,73.7106,0.713,,,,53.57,6440.8716
40,2020,September,375.585,33819.679,5,1,75.117,0.728,,,,70.73,6763.9358
40,2020,October,436.125,42629.453,5,1,87.225,0.8690000000000001,,,,68.29,8525.8906
40,2020,November,382.44,37600.439,5,1,76.488,0.75,,,,81.71,7520.0878
40,2020,December,409.032,40416.846,5,1,81.8064,0.804,,,,81.71,8083.3692
41,2020,January,413.6,39522.373999999996,5,1,82.72,0.818,,,,82.14,7904.4748
41,2020,February,265.158,25368.332000000002,5,1,53.0316,0.47,,,,92.86,5073.6664
41,2020,March,345.30699999999996,32114.486,5,1,69.0614,0.664,,,,94.05,6422.8972
41,2020,April,307.872,29670.505,5,1,61.5744,0.5660000000000001,,,,89.29,5934.101
41,2020,May,348.164,33650.132000000005,5,1,69.6328,0.672,,,,92.86,6730.0264
41,2020,June,329.42800000000005,29933.659,5,1,65.8856,0.622,,,,83.33,5986.7318
41,2020,July,343.832,29856.968999999997,5,1,68.7664,0.659,,,,72.62,5971.3938
41,2020,August,379.369,34710.744,5,1,75.8738,0.736,,,,44.05,6942.1488
41,2020,September,434.397,37541.443,5,1,86.8794,0.866,,,,45.12,7508.2886
41,2020,October,524.299,46567.846,5,1,104.8598,0.95,,,,34.15,9313.5692
41,2020,November,548.788,54054.22,5,1,109.7576,0.9690000000000001,,,,10.98,10810.844
41,2020,December,548.117,49537.167,5,1,109.6234,0.9690000000000001,,,,28.05,9907.4334
42,2020,January,169.58599999999996,16384.492,2,1,84.79299999999998,0.184,,,,76.19,8192.246
42,2020,February,148.806,14727.185,2,1,74.403,0.098,,,,61.9,7363.5925
42,2020,March,152.85399999999996,13270.611,2,1,76.42699999999998,0.109,,,,84.52,6635.3055
42,2020,April,146.778,14105.265,2,1,73.389,0.094,,,,60.71,7052.6325
42,2020,May,186.623,18460.91,2,1,93.3115,0.235,,,,14.29,9230.455
42,2020,June,154.486,14621.726999999999,2,1,77.243,0.113,,,,34.52,7310.8635
42,2020,July,165.142,14276.687,2,1,82.571,0.166,,,,29.76,7138.3435
42,2020,August,140.24,13228.642,2,1,70.12,0.063,,,,55.95,6614.321
